{
    "loss": 13.43691349029541,
    "accuracy": 0.690077006816864
}