{
    "loss": 6.873132705688477,
    "accuracy": 0.39193475246429443
}